meas_id,turbine_id,ts_utc,wind_speed_mps,temperature_k,vibration_mm_s,consumption_kwh
174273,T001,2025-11-30T12:16:00,14.41,265.84,10.74,901.0
174274,T002,2025-11-30T12:16:00,12.97,292.63,1.49,1125.48
174275,T001,2025-11-30T12:17:00,3.82,292.37,3.93,960.68
174276,T002,2025-11-30T12:17:00,13.97,296.76,4.56,955.04
174277,T001,2025-11-30T12:18:00,13.45,271.25,10.04,889.95
174278,T002,2025-11-30T12:18:00,14.65,263.4,11.1,855.56
174279,T001,2025-11-30T12:19:00,12.51,295.57,9.86,906.25
174280,T002,2025-11-30T12:19:00,6.65,290.62,10.45,1106.02
174281,T001,2025-11-30T12:20:00,8.65,264.47,4.75,949.89
174282,T002,2025-11-30T12:20:00,11.95,280.91,0.42,1189.78
174283,T001,2025-11-30T12:21:00,9.79,289.65,7.3,879.21
174284,T002,2025-11-30T12:21:00,12.16,275.86,11.63,849.48
174285,T001,2025-11-30T12:22:00,8.65,284.41,9.39,1048.85
174286,T002,2025-11-30T12:22:00,3.36,279.71,8.14,1056.33
174287,T001,2025-11-30T12:23:00,11.56,283.61,6.02,890.36
174288,T002,2025-11-30T12:23:00,11.5,263.57,2.61,848.54
174289,T001,2025-11-30T12:24:00,6.28,280.84,3.54,1137.71
174290,T002,2025-11-30T12:24:00,13.81,266.75,6.31,850.97
174291,T001,2025-11-30T12:25:00,6.39,289.05,8.33,845.58
174292,T002,2025-11-30T12:25:00,5.92,266.45,2.64,1143.02
174293,T001,2025-11-30T12:26:00,6.98,262.02,11.48,949.39
174294,T002,2025-11-30T12:26:00,12.55,277.36,3.58,857.58
174295,T001,2025-11-30T12:27:00,8.73,270.97,10.98,1178.34
174296,T002,2025-11-30T12:27:00,11.57,287.0,8.23,1167.78
174297,T001,2025-11-30T12:28:00,6.87,274.09,5.13,1010.17
174298,T002,2025-11-30T12:28:00,10.83,286.96,9.85,844.97
174299,T001,2025-11-30T12:29:00,7.07,287.89,7.9,1099.18
174300,T002,2025-11-30T12:29:00,11.18,287.18,3.62,921.24
174301,T001,2025-11-30T12:30:00,12.49,270.91,4.75,941.97
174302,T002,2025-11-30T12:30:00,12.71,273.83,6.11,847.86
174303,T001,2025-11-30T12:31:00,7.57,296.14,1.37,1014.28
174304,T002,2025-11-30T12:31:00,10.92,261.7,0.16,1099.04
174305,T001,2025-11-30T12:32:00,13.59,294.46,11.12,1059.61
174306,T002,2025-11-30T12:32:00,8.56,271.53,2.95,814.6
174307,T001,2025-11-30T12:33:00,9.98,286.85,2.5,1013.46
174308,T002,2025-11-30T12:33:00,13.46,281.7,11.98,1044.63
174309,T001,2025-11-30T12:34:00,6.45,275.3,7.0,944.99
174310,T002,2025-11-30T12:34:00,13.7,299.82,11.69,845.8
174311,T001,2025-11-30T12:35:00,12.05,288.01,6.07,965.68
174312,T002,2025-11-30T12:35:00,7.81,295.51,4.34,921.06
174313,T001,2025-11-30T12:36:00,8.2,264.79,0.08,968.78
174314,T002,2025-11-30T12:36:00,12.2,289.7,7.85,895.33
174315,T001,2025-11-30T12:37:00,5.49,277.07,1.93,835.69
174316,T002,2025-11-30T12:37:00,3.21,261.1,0.81,929.09
174317,T001,2025-11-30T12:38:00,3.71,286.96,11.03,856.65
174318,T002,2025-11-30T12:38:00,13.63,273.8,0.14,1123.84
174319,T001,2025-11-30T12:39:00,14.02,293.14,2.27,892.23
174320,T002,2025-11-30T12:39:00,11.51,267.44,1.7,954.55
174321,T001,2025-11-30T12:40:00,7.1,287.84,8.58,889.86
174322,T002,2025-11-30T12:40:00,5.55,299.72,7.03,1171.5
174323,T001,2025-11-30T12:41:00,12.78,282.28,11.16,862.28
174324,T002,2025-11-30T12:41:00,4.97,267.71,10.19,1095.29
174325,T001,2025-11-30T12:42:00,3.42,274.12,8.68,983.52
174326,T002,2025-11-30T12:42:00,12.45,295.91,4.68,1041.14
174327,T001,2025-11-30T12:43:00,12.66,291.86,10.29,1127.75
174328,T002,2025-11-30T12:43:00,3.01,296.19,10.1,1076.74
174329,T001,2025-11-30T12:44:00,13.61,269.46,2.54,1176.89
174330,T002,2025-11-30T12:44:00,14.52,261.73,1.49,1057.02
174331,T001,2025-11-30T12:45:00,4.12,269.24,9.3,828.7
174332,T002,2025-11-30T12:45:00,11.76,298.1,0.87,953.1
174333,T001,2025-11-30T12:46:00,10.85,277.48,10.19,1197.68
174334,T002,2025-11-30T12:46:00,9.98,296.86,1.5,1167.82
174335,T001,2025-11-30T12:47:00,7.69,279.87,5.66,1131.61
174336,T002,2025-11-30T12:47:00,6.31,262.6,10.93,837.83
174337,T001,2025-11-30T12:48:00,7.67,271.44,1.25,1156.44
174338,T002,2025-11-30T12:48:00,13.45,260.2,5.94,870.5
174339,T001,2025-11-30T12:49:00,4.42,299.74,8.6,1178.47
174340,T002,2025-11-30T12:49:00,12.93,277.22,1.41,823.93
174341,T001,2025-11-30T12:50:00,8.79,268.9,2.06,1044.0
174342,T002,2025-11-30T12:50:00,13.05,299.22,11.22,1045.95
174343,T001,2025-11-30T12:51:00,5.23,285.7,1.48,1146.95
174344,T002,2025-11-30T12:51:00,14.09,297.43,3.61,831.51
174345,T001,2025-11-30T12:52:00,3.79,278.19,9.61,872.82
174346,T002,2025-11-30T12:52:00,11.48,278.89,1.33,971.15
174347,T001,2025-11-30T12:53:00,6.41,273.47,11.22,999.91
174348,T002,2025-11-30T12:53:00,14.94,294.18,11.69,882.4
174349,T001,2025-11-30T12:54:00,6.97,276.03,9.33,989.77
174350,T002,2025-11-30T12:54:00,12.98,278.09,7.27,1146.49
174351,T001,2025-11-30T12:55:00,3.67,269.02,1.16,824.81
174352,T002,2025-11-30T12:55:00,3.31,268.98,4.1,1088.56
174353,T001,2025-11-30T12:56:00,7.84,285.31,8.54,990.0
174354,T002,2025-11-30T12:56:00,12.84,280.14,11.78,1043.75
174355,T001,2025-11-30T12:57:00,7.99,282.03,11.53,1191.18
174356,T002,2025-11-30T12:57:00,12.62,269.7,0.3,1034.91
174357,T001,2025-11-30T12:58:00,3.43,272.33,8.62,873.71
174358,T002,2025-11-30T12:58:00,10.01,264.15,7.1,1075.14
174359,T001,2025-11-30T12:59:00,7.63,287.8,0.94,1181.83
174360,T002,2025-11-30T12:59:00,9.71,283.24,1.36,1091.17
174361,T001,2025-11-30T13:00:00,5.75,295.33,10.54,1005.62
174362,T002,2025-11-30T13:00:00,5.73,286.54,11.04,1197.26
174363,T001,2025-11-30T13:01:00,4.49,273.2,8.02,1028.6
174364,T002,2025-11-30T13:01:00,4.85,299.81,7.64,1128.91
174365,T001,2025-11-30T13:02:00,6.0,277.17,9.23,994.64
174366,T002,2025-11-30T13:02:00,12.66,297.26,8.79,841.9
174367,T001,2025-11-30T13:03:00,11.54,293.25,0.93,807.72
174368,T002,2025-11-30T13:03:00,9.78,287.09,11.78,1092.85
174369,T001,2025-11-30T13:04:00,8.98,287.1,2.69,1035.12
174370,T002,2025-11-30T13:04:00,7.81,271.9,4.2,1019.4
174371,T001,2025-11-30T13:05:00,8.29,293.56,0.73,828.43
174372,T002,2025-11-30T13:05:00,12.96,291.15,3.61,885.05
174373,T001,2025-11-30T13:06:00,11.03,275.97,5.81,1148.5
174374,T002,2025-11-30T13:06:00,13.06,286.82,7.75,1037.21
174375,T001,2025-11-30T13:07:00,11.59,280.81,6.35,1064.99
174376,T002,2025-11-30T13:07:00,4.23,287.11,6.31,1141.16
174377,T001,2025-11-30T13:08:00,7.75,267.33,1.1,805.56
174378,T002,2025-11-30T13:08:00,8.83,280.91,1.17,1075.52
174379,T001,2025-11-30T13:09:00,4.66,272.89,9.15,911.96
174380,T002,2025-11-30T13:09:00,4.12,273.24,1.55,1181.78
174381,T001,2025-11-30T13:10:00,9.64,296.18,1.28,1187.45
174382,T002,2025-11-30T13:10:00,10.25,285.75,3.16,862.96
174383,T001,2025-11-30T13:11:00,11.89,265.58,5.81,969.66
174384,T002,2025-11-30T13:11:00,13.25,261.18,1.57,1045.41
174385,T001,2025-11-30T13:12:00,7.17,298.36,0.91,881.29
174386,T002,2025-11-30T13:12:00,4.0,288.96,4.77,953.45
174387,T001,2025-11-30T13:13:00,13.54,282.08,8.76,861.28
174388,T002,2025-11-30T13:13:00,8.71,263.45,11.13,1104.0
174389,T001,2025-11-30T13:14:00,13.03,263.52,0.01,932.99
174390,T002,2025-11-30T13:14:00,7.58,270.86,9.66,1151.55
174391,T001,2025-11-30T13:15:00,5.09,270.7,1.4,1093.08
174392,T002,2025-11-30T13:15:00,14.37,270.07,1.77,848.32
174393,T001,2025-11-30T13:16:00,3.75,266.97,6.52,935.4
174394,T002,2025-11-30T13:16:00,12.43,296.03,10.99,936.05
174395,T001,2025-11-30T13:17:00,6.05,280.99,4.72,834.78
174396,T002,2025-11-30T13:17:00,13.13,298.22,9.28,815.75
174397,T001,2025-11-30T13:18:00,14.36,293.04,5.46,1029.41
174398,T002,2025-11-30T13:18:00,6.04,287.85,0.23,919.36
174399,T001,2025-11-30T13:19:00,9.92,261.46,1.3,1031.73
174400,T002,2025-11-30T13:19:00,6.03,270.13,8.24,887.03
174401,T001,2025-11-30T13:20:00,13.36,265.87,9.77,1082.43
174402,T002,2025-11-30T13:20:00,10.7,293.56,2.93,1081.65
174403,T001,2025-11-30T13:21:00,6.83,289.87,9.96,1012.05
174404,T002,2025-11-30T13:21:00,13.56,295.42,7.86,1006.62
174405,T001,2025-11-30T13:22:00,12.04,266.98,1.71,1103.95
174406,T002,2025-11-30T13:22:00,8.16,288.33,9.79,1182.0
174407,T001,2025-11-30T13:23:00,13.17,281.62,9.82,963.7
174408,T002,2025-11-30T13:23:00,5.89,276.43,5.07,923.07
174409,T001,2025-11-30T13:24:00,3.94,292.81,11.2,1106.23
174410,T002,2025-11-30T13:24:00,8.45,264.69,0.6,1105.78
174411,T001,2025-11-30T13:25:00,13.43,264.41,8.84,1069.28
174412,T002,2025-11-30T13:25:00,11.45,278.74,9.53,1108.2
174413,T001,2025-11-30T13:26:00,13.92,282.01,5.21,1137.35
174414,T002,2025-11-30T13:26:00,11.72,271.22,11.02,985.47
174415,T001,2025-11-30T13:27:00,8.61,293.66,5.3,894.42
174416,T002,2025-11-30T13:27:00,6.43,278.18,5.69,1015.04
174417,T001,2025-11-30T13:28:00,9.27,277.45,10.72,1123.26
174418,T002,2025-11-30T13:28:00,9.16,274.31,9.69,1048.15
174419,T001,2025-11-30T13:29:00,14.0,278.94,0.69,935.35
174420,T002,2025-11-30T13:29:00,3.99,274.62,5.33,1060.54
174421,T001,2025-11-30T13:30:00,13.15,292.37,1.82,987.75
174422,T002,2025-11-30T13:30:00,9.14,292.01,1.47,1161.59
174423,T001,2025-11-30T13:31:00,11.34,267.19,8.39,1196.16
174424,T002,2025-11-30T13:31:00,3.2,263.45,10.77,943.66
174425,T001,2025-11-30T13:32:00,12.54,265.48,2.8,988.69
174426,T002,2025-11-30T13:32:00,12.06,280.18,7.55,884.72
174427,T001,2025-11-30T13:33:00,9.5,275.61,3.0,1009.22
174428,T002,2025-11-30T13:33:00,13.45,275.84,10.5,833.47
174429,T001,2025-11-30T13:34:00,14.71,280.2,11.55,1015.89
174430,T002,2025-11-30T13:34:00,13.04,271.16,3.34,962.28
174431,T001,2025-11-30T13:35:00,10.0,262.85,7.77,986.21
174432,T002,2025-11-30T13:35:00,6.44,289.78,4.6,853.29
174433,T001,2025-11-30T13:36:00,12.19,278.92,9.78,875.05
174434,T002,2025-11-30T13:36:00,7.76,265.06,2.57,1183.05
174435,T001,2025-11-30T13:37:00,3.05,294.24,3.17,1036.28
174436,T002,2025-11-30T13:37:00,7.12,266.81,10.13,1047.82
174437,T001,2025-11-30T13:38:00,6.75,273.82,7.03,932.93
174438,T002,2025-11-30T13:38:00,14.11,275.55,6.62,814.91
174439,T001,2025-11-30T13:39:00,9.81,274.93,0.18,1197.54
174440,T002,2025-11-30T13:39:00,14.53,264.32,10.63,982.17
174441,T001,2025-11-30T13:40:00,5.92,263.78,6.12,1179.21
174442,T002,2025-11-30T13:40:00,8.3,263.17,6.13,1056.37
174443,T001,2025-11-30T13:41:00,11.58,279.29,6.25,929.1
174444,T002,2025-11-30T13:41:00,8.43,272.89,1.74,960.09
174445,T001,2025-11-30T13:42:00,11.81,298.49,11.02,1110.59
174446,T002,2025-11-30T13:42:00,13.13,276.99,6.27,942.95
174447,T001,2025-11-30T13:43:00,8.5,288.21,1.47,802.15
174448,T002,2025-11-30T13:43:00,13.32,297.21,5.25,868.18
174449,T001,2025-11-30T13:44:00,5.22,290.49,2.68,1042.25
174450,T002,2025-11-30T13:44:00,9.19,281.64,4.91,831.74
174451,T001,2025-11-30T13:45:00,7.81,298.97,6.8,954.82
174452,T002,2025-11-30T13:45:00,11.78,262.61,9.39,990.94
174453,T001,2025-11-30T13:46:00,7.72,272.74,1.11,994.07
174454,T002,2025-11-30T13:46:00,13.5,267.41,0.85,995.82
174455,T001,2025-11-30T13:47:00,5.35,269.31,10.41,883.08
174456,T002,2025-11-30T13:47:00,4.84,271.03,3.53,1174.5
174457,T001,2025-11-30T13:48:00,9.81,284.02,8.66,1138.55
174458,T002,2025-11-30T13:48:00,5.83,291.15,5.46,1065.33
174459,T001,2025-11-30T13:49:00,3.04,285.42,9.49,849.16
174460,T002,2025-11-30T13:49:00,13.28,287.44,3.38,891.4
174461,T001,2025-11-30T13:50:00,8.06,279.29,4.35,1093.98
174462,T002,2025-11-30T13:50:00,14.42,269.7,6.01,1123.45
174463,T001,2025-11-30T13:51:00,11.15,283.36,6.41,1182.4
174464,T002,2025-11-30T13:51:00,4.23,286.73,9.99,1156.31
174465,T001,2025-11-30T13:52:00,6.43,285.21,6.12,1158.65
174466,T002,2025-11-30T13:52:00,7.11,286.21,11.32,903.64
174467,T001,2025-11-30T13:53:00,11.27,261.91,7.42,1164.44
174468,T002,2025-11-30T13:53:00,13.78,260.67,4.21,828.12
174469,T001,2025-11-30T13:54:00,3.9,275.1,9.32,1129.98
174470,T002,2025-11-30T13:54:00,4.68,262.7,4.02,1043.76
174471,T001,2025-11-30T13:55:00,8.44,288.8,1.76,1133.65
174472,T002,2025-11-30T13:55:00,6.56,270.19,10.38,820.64
174473,T001,2025-11-30T13:56:00,10.55,282.37,5.15,1092.31
174474,T002,2025-11-30T13:56:00,9.42,291.6,9.95,842.69
174475,T001,2025-11-30T13:57:00,12.9,278.98,1.84,820.62
174476,T002,2025-11-30T13:57:00,13.4,270.32,10.8,1023.9
174477,T001,2025-11-30T13:58:00,10.79,275.24,5.39,891.02
174478,T002,2025-11-30T13:58:00,3.53,290.93,3.15,1123.66
174479,T001,2025-11-30T13:59:00,14.69,289.96,3.8,859.5
174480,T002,2025-11-30T13:59:00,4.98,270.94,10.06,868.18
174481,T001,2025-11-30T14:00:00,9.95,261.28,11.93,999.62
174482,T002,2025-11-30T14:00:00,9.29,282.58,9.18,910.43
174483,T001,2025-11-30T14:01:00,11.1,299.57,9.02,1106.4
174484,T002,2025-11-30T14:01:00,12.42,297.08,2.12,823.67
174485,T001,2025-11-30T14:02:00,14.05,270.22,11.22,885.1
174486,T002,2025-11-30T14:02:00,3.3,299.99,0.2,1182.46
174487,T001,2025-11-30T14:03:00,4.26,281.16,6.31,1036.58
174488,T002,2025-11-30T14:03:00,13.09,279.62,4.63,837.08
174489,T001,2025-11-30T14:04:00,14.22,290.33,10.27,850.14
174490,T002,2025-11-30T14:04:00,11.01,292.05,5.5,1087.33
174491,T001,2025-11-30T14:05:00,6.16,274.12,6.26,1164.08
174492,T002,2025-11-30T14:05:00,14.86,272.04,5.02,951.05
174493,T001,2025-11-30T14:06:00,11.32,291.21,0.56,1009.97
174494,T002,2025-11-30T14:06:00,14.56,299.72,3.26,1119.19
174495,T001,2025-11-30T14:07:00,4.03,293.53,10.58,868.74
174496,T002,2025-11-30T14:07:00,4.42,269.26,5.43,847.7
174497,T001,2025-11-30T14:08:00,4.42,286.4,10.01,1082.26
174498,T002,2025-11-30T14:08:00,12.7,282.99,5.61,1138.44
174499,T001,2025-11-30T14:09:00,11.75,277.24,8.79,924.63
174500,T002,2025-11-30T14:09:00,13.8,288.15,10.98,899.24
174501,T001,2025-11-30T14:10:00,7.28,261.3,10.48,1099.14
174502,T002,2025-11-30T14:10:00,3.77,280.12,6.79,885.39
174503,T001,2025-11-30T14:11:00,3.1,273.99,1.0,1069.63
174504,T002,2025-11-30T14:11:00,4.74,282.74,2.15,1029.62
174505,T001,2025-11-30T14:12:00,8.23,293.16,6.07,1028.45
174506,T002,2025-11-30T14:12:00,6.21,285.91,10.17,800.45
174507,T001,2025-11-30T14:13:00,4.86,274.62,1.16,1120.83
174508,T002,2025-11-30T14:13:00,6.63,287.48,8.69,975.85
174509,T001,2025-11-30T14:14:00,12.2,268.63,2.48,932.28
174510,T002,2025-11-30T14:14:00,4.62,278.49,0.11,1141.68
174511,T001,2025-11-30T14:15:00,8.08,293.91,2.12,1146.32
174512,T002,2025-11-30T14:15:00,13.55,269.99,8.05,895.38
174513,T001,2025-11-30T14:16:00,14.87,285.53,1.35,892.3
174514,T002,2025-11-30T14:16:00,5.41,274.61,1.51,938.0
174515,T001,2025-11-30T14:17:00,4.86,297.22,6.37,883.71
174516,T002,2025-11-30T14:17:00,10.25,276.61,7.34,970.89
174517,T001,2025-11-30T14:18:00,7.03,296.15,6.21,1063.79
174518,T002,2025-11-30T14:18:00,9.83,296.97,9.39,953.04
174519,T001,2025-11-30T14:19:00,10.37,261.03,8.57,962.84
174520,T002,2025-11-30T14:19:00,12.02,268.86,2.49,850.33
174521,T001,2025-11-30T14:20:00,10.64,265.55,5.23,827.76
174522,T002,2025-11-30T14:20:00,5.26,266.37,0.04,1129.24
174523,T001,2025-11-30T14:21:00,8.2,289.02,9.32,1088.25
174524,T002,2025-11-30T14:21:00,13.64,272.31,10.78,1089.04
174525,T001,2025-11-30T14:22:00,8.68,265.41,4.0,1134.82
174526,T002,2025-11-30T14:22:00,3.49,260.48,11.99,985.39
174527,T001,2025-11-30T14:23:00,8.58,296.35,5.65,1118.32
174528,T002,2025-11-30T14:23:00,6.75,294.61,7.53,970.21
174529,T001,2025-11-30T14:24:00,5.29,284.32,7.72,1077.16
174530,T002,2025-11-30T14:24:00,6.27,280.44,7.03,935.04
174531,T001,2025-11-30T14:25:00,9.8,285.25,9.44,1031.04
174532,T002,2025-11-30T14:25:00,12.78,281.47,11.28,1190.17
174533,T001,2025-11-30T14:26:00,12.64,263.22,5.56,969.14
174534,T002,2025-11-30T14:26:00,10.89,270.56,2.35,973.65
174535,T001,2025-11-30T14:27:00,9.9,266.83,11.34,1154.49
174536,T002,2025-11-30T14:27:00,10.06,291.5,1.08,984.52
174537,T001,2025-11-30T14:28:00,8.9,266.34,0.55,1195.08
174538,T002,2025-11-30T14:28:00,12.97,274.67,2.58,1021.8
174539,T001,2025-11-30T14:29:00,10.72,284.9,2.42,826.97
174540,T002,2025-11-30T14:29:00,9.87,267.57,8.51,996.5
174541,T001,2025-11-30T14:30:00,14.2,273.65,10.89,932.6
174542,T002,2025-11-30T14:30:00,13.96,271.85,3.56,825.05
174543,T001,2025-11-30T14:31:00,9.33,281.68,7.2,984.56
174544,T002,2025-11-30T14:31:00,6.87,274.93,8.64,1050.42
174545,T001,2025-11-30T14:32:00,9.99,284.15,6.49,898.8
174546,T002,2025-11-30T14:32:00,14.89,261.92,7.16,895.45
174547,T001,2025-11-30T14:33:00,11.15,294.62,4.68,1185.86
174548,T002,2025-11-30T14:33:00,6.69,261.88,11.96,861.17
174549,T001,2025-11-30T14:34:00,4.84,271.74,7.65,1023.8
174550,T002,2025-11-30T14:34:00,11.22,297.53,3.98,1122.56
174551,T001,2025-11-30T14:35:00,7.65,274.73,11.74,847.01
174552,T002,2025-11-30T14:35:00,14.45,284.21,11.26,1135.03
174553,T001,2025-11-30T14:36:00,14.96,260.02,1.71,1181.46
174554,T002,2025-11-30T14:36:00,12.09,293.2,9.13,883.34
174555,T001,2025-11-30T14:37:00,3.63,291.78,8.06,874.48
174556,T002,2025-11-30T14:37:00,4.41,271.06,4.86,1040.73
174557,T001,2025-11-30T14:38:00,5.78,275.14,6.5,868.74
174558,T002,2025-11-30T14:38:00,6.93,286.1,3.56,1160.89
174559,T001,2025-11-30T14:39:00,5.28,297.49,6.59,1176.03
174560,T002,2025-11-30T14:39:00,3.48,290.81,6.66,926.4
174561,T001,2025-11-30T14:40:00,11.06,291.51,2.38,821.99
174562,T002,2025-11-30T14:40:00,4.4,264.51,9.72,1155.27
174563,T001,2025-11-30T14:41:00,7.66,287.03,2.68,1067.19
174564,T002,2025-11-30T14:41:00,5.89,287.08,4.31,866.86
174565,T001,2025-11-30T14:42:00,4.21,280.83,11.49,850.22
174566,T002,2025-11-30T14:42:00,3.63,270.11,10.41,990.97
174567,T001,2025-11-30T14:43:00,8.58,281.53,3.71,958.45
174568,T002,2025-11-30T14:43:00,12.17,298.83,2.09,874.07
174569,T001,2025-11-30T14:44:00,4.11,267.99,3.32,835.36
174570,T002,2025-11-30T14:44:00,7.14,265.64,9.87,880.59
174571,T001,2025-11-30T14:45:00,3.64,261.36,9.99,1192.21
174572,T002,2025-11-30T14:45:00,9.77,281.81,4.54,918.79
174573,T001,2025-11-30T14:46:00,4.38,282.07,11.85,927.39
174574,T002,2025-11-30T14:46:00,4.99,269.57,5.19,1171.5
174575,T001,2025-11-30T14:47:00,5.32,294.57,5.08,1085.69
174576,T002,2025-11-30T14:47:00,8.26,295.47,1.05,1175.3
174577,T001,2025-11-30T14:48:00,3.55,269.08,10.73,1034.93
174578,T002,2025-11-30T14:48:00,11.12,293.67,0.88,1117.09
174579,T001,2025-11-30T14:49:00,5.82,280.1,9.48,1000.06
174580,T002,2025-11-30T14:49:00,3.23,276.7,9.17,1146.2
174581,T001,2025-11-30T14:50:00,13.14,295.45,3.19,985.75
174582,T002,2025-11-30T14:50:00,6.8,279.35,2.54,1034.3
174583,T001,2025-11-30T14:51:00,12.55,266.72,9.11,862.87
174584,T002,2025-11-30T14:51:00,7.02,296.39,10.08,823.24
174585,T001,2025-11-30T14:52:00,11.35,265.67,4.57,926.67
174586,T002,2025-11-30T14:52:00,13.78,297.03,3.49,1135.31
174587,T001,2025-11-30T14:53:00,6.71,289.45,8.85,1148.61
174588,T002,2025-11-30T14:53:00,7.97,289.13,6.01,938.14
174589,T001,2025-11-30T14:54:00,5.03,266.46,8.28,859.85
174590,T002,2025-11-30T14:54:00,3.51,292.14,2.5,1161.52
174591,T001,2025-11-30T14:55:00,7.37,286.47,10.61,1062.21
174592,T002,2025-11-30T14:55:00,6.35,296.59,4.47,1134.53
174593,T001,2025-11-30T14:56:00,13.69,297.55,2.09,1173.21
174594,T002,2025-11-30T14:56:00,11.79,283.96,9.59,896.02
174595,T001,2025-11-30T14:57:00,12.7,286.02,2.02,818.18
174596,T002,2025-11-30T14:57:00,4.03,287.27,10.23,872.6
174597,T001,2025-11-30T14:58:00,4.41,293.71,3.25,1150.92
174598,T002,2025-11-30T14:58:00,14.79,280.91,2.0,1157.34
174599,T001,2025-11-30T14:59:00,8.26,291.05,5.74,1053.47
174600,T002,2025-11-30T14:59:00,11.42,283.51,4.23,825.91
174601,T001,2025-11-30T15:00:00,7.29,278.35,8.02,834.91
174602,T002,2025-11-30T15:00:00,6.96,290.35,9.98,880.49
174603,T001,2025-11-30T15:01:00,4.6,264.8,10.02,997.45
174604,T002,2025-11-30T15:01:00,10.28,290.46,7.67,1091.37
174605,T001,2025-11-30T15:02:00,9.51,281.09,9.52,988.21
174606,T002,2025-11-30T15:02:00,7.04,290.43,5.19,1106.08
174607,T001,2025-11-30T15:03:00,11.9,270.29,10.56,813.08
174608,T002,2025-11-30T15:03:00,4.87,294.3,9.2,1173.18
174609,T001,2025-11-30T15:04:00,14.38,295.42,10.32,826.58
174610,T002,2025-11-30T15:04:00,4.44,274.16,0.88,1131.86
174611,T001,2025-11-30T15:05:00,3.9,268.23,0.56,981.98
174612,T002,2025-11-30T15:05:00,5.48,292.66,4.73,1121.83
174613,T001,2025-11-30T15:06:00,3.55,270.86,3.78,924.23
174614,T002,2025-11-30T15:06:00,5.95,266.02,3.31,1022.58
174615,T001,2025-11-30T15:07:00,6.74,263.33,10.85,1077.45
174616,T002,2025-11-30T15:07:00,10.62,298.0,4.97,1106.09
174617,T001,2025-11-30T15:08:00,6.98,288.93,10.29,1136.69
174618,T002,2025-11-30T15:08:00,14.93,273.49,5.84,975.4
174619,T001,2025-11-30T15:09:00,12.2,265.98,2.69,876.29
174620,T002,2025-11-30T15:09:00,10.73,265.92,8.72,1176.32
174621,T001,2025-11-30T15:10:00,4.07,283.98,8.13,1045.04
174622,T002,2025-11-30T15:10:00,10.48,287.16,5.53,975.76
174623,T001,2025-11-30T15:11:00,12.15,270.79,11.69,985.68
174624,T002,2025-11-30T15:11:00,11.58,267.0,6.5,1092.46
174625,T001,2025-11-30T15:12:00,3.41,268.0,0.31,1061.91
174626,T002,2025-11-30T15:12:00,4.26,284.69,1.12,963.04
174627,T001,2025-11-30T15:13:00,13.55,297.59,0.87,1188.39
174628,T002,2025-11-30T15:13:00,14.93,278.5,7.97,1137.34
174629,T001,2025-11-30T15:14:00,11.22,289.51,1.4,1053.49
174630,T002,2025-11-30T15:14:00,3.59,266.86,3.42,1061.76
174631,T001,2025-11-30T15:15:00,8.41,281.72,5.26,856.68
174632,T002,2025-11-30T15:15:00,11.77,297.93,0.84,935.91
174633,T001,2025-11-30T15:16:00,7.27,261.1,10.06,927.85
174634,T002,2025-11-30T15:16:00,3.47,271.62,6.68,881.13
174635,T001,2025-11-30T15:17:00,6.23,286.77,3.1,1123.87
174636,T002,2025-11-30T15:17:00,8.16,285.71,2.57,845.2
174637,T001,2025-11-30T15:18:00,3.61,296.65,11.46,810.67
174638,T002,2025-11-30T15:18:00,6.8,270.54,4.98,1002.85
174639,T001,2025-11-30T15:19:00,3.29,265.64,4.55,941.63
174640,T002,2025-11-30T15:19:00,14.09,261.85,0.68,828.2
174641,T001,2025-11-30T15:20:00,14.38,264.17,1.86,1110.59
174642,T002,2025-11-30T15:20:00,4.67,298.1,3.89,1046.84
174643,T001,2025-11-30T15:21:00,9.66,269.94,0.99,802.78
174644,T002,2025-11-30T15:21:00,7.64,287.31,2.85,1193.54
174645,T001,2025-11-30T15:22:00,7.31,271.83,1.2,883.13
174646,T002,2025-11-30T15:22:00,3.11,279.54,2.35,999.86
174647,T001,2025-11-30T15:23:00,7.45,279.61,8.61,1082.97
174648,T002,2025-11-30T15:23:00,3.02,287.86,9.92,914.38
174649,T001,2025-11-30T15:24:00,9.09,290.16,10.89,947.31
174650,T002,2025-11-30T15:24:00,3.28,291.83,5.89,1090.57
174651,T001,2025-11-30T15:25:00,14.03,277.32,6.23,1073.39
174652,T002,2025-11-30T15:25:00,6.13,267.71,3.71,1182.9
174653,T001,2025-11-30T15:26:00,13.58,280.05,1.74,1006.99
174654,T002,2025-11-30T15:26:00,7.31,265.21,9.82,980.84
174655,T001,2025-11-30T15:27:00,11.98,264.38,8.2,1068.54
174656,T002,2025-11-30T15:27:00,8.39,293.7,4.02,816.7
174657,T001,2025-11-30T15:28:00,9.81,266.55,5.08,1045.91
174658,T002,2025-11-30T15:28:00,3.53,293.33,0.57,1010.99
174659,T001,2025-11-30T15:29:00,7.19,268.43,2.62,1024.84
174660,T002,2025-11-30T15:29:00,13.61,276.22,4.21,1081.48
174661,T001,2025-11-30T15:30:00,11.18,286.91,9.32,1195.77
174662,T002,2025-11-30T15:30:00,12.7,287.4,8.45,858.33
174663,T001,2025-11-30T15:31:00,14.76,271.61,7.13,841.59
174664,T002,2025-11-30T15:31:00,13.56,282.42,5.78,1192.44
174665,T001,2025-11-30T15:32:00,12.22,297.01,6.11,1180.65
174666,T002,2025-11-30T15:32:00,5.17,270.43,5.58,1194.18
174667,T001,2025-11-30T15:33:00,3.95,268.8,5.54,1184.03
174668,T002,2025-11-30T15:33:00,4.05,260.73,11.48,898.42
174669,T001,2025-11-30T15:34:00,6.18,276.56,4.58,935.64
174670,T002,2025-11-30T15:34:00,13.65,260.2,7.86,897.15
174671,T001,2025-11-30T15:35:00,6.49,295.81,2.31,1035.62
174672,T002,2025-11-30T15:35:00,5.59,285.61,0.81,1097.85
174673,T001,2025-11-30T15:36:00,5.95,298.95,0.85,1186.44
174674,T002,2025-11-30T15:36:00,7.58,260.05,1.91,891.11
174675,T001,2025-11-30T15:37:00,7.73,291.31,0.83,1133.66
174676,T002,2025-11-30T15:37:00,3.67,265.51,1.55,1053.81
174677,T001,2025-11-30T15:38:00,5.49,270.71,11.28,1070.51
174678,T002,2025-11-30T15:38:00,6.79,289.15,0.75,832.87
174679,T001,2025-11-30T15:39:00,13.97,289.33,7.89,984.08
174680,T002,2025-11-30T15:39:00,10.76,269.16,8.77,1191.67
174681,T001,2025-11-30T15:40:00,5.32,264.46,8.38,900.45
174682,T002,2025-11-30T15:40:00,6.16,279.89,6.28,828.26
174683,T001,2025-11-30T15:41:00,13.32,277.57,1.26,1155.62
174684,T002,2025-11-30T15:41:00,7.08,272.59,2.94,1098.1
174685,T001,2025-11-30T15:42:00,11.31,283.38,1.77,1103.17
174686,T002,2025-11-30T15:42:00,8.68,293.98,3.27,823.05
174687,T001,2025-11-30T15:43:00,13.89,281.66,7.02,1086.9
174688,T002,2025-11-30T15:43:00,6.57,271.17,8.55,1180.85
174689,T001,2025-11-30T15:44:00,6.36,276.0,10.98,851.12
174690,T002,2025-11-30T15:44:00,10.1,296.73,8.24,1002.55
174691,T001,2025-11-30T15:45:00,12.06,275.74,0.96,871.41
174692,T002,2025-11-30T15:45:00,9.29,278.83,1.18,855.29
174693,T001,2025-11-30T15:46:00,9.36,276.12,2.33,1089.64
174694,T002,2025-11-30T15:46:00,9.76,283.15,6.17,924.69
174695,T001,2025-11-30T15:47:00,6.7,268.81,7.07,985.42
174696,T002,2025-11-30T15:47:00,3.39,283.25,5.58,1131.82
174697,T001,2025-11-30T15:48:00,12.27,267.48,4.06,953.43
174698,T002,2025-11-30T15:48:00,5.68,282.04,4.9,1130.32
174699,T001,2025-11-30T15:49:00,6.14,265.37,7.6,821.89
174700,T002,2025-11-30T15:49:00,4.39,292.38,6.52,1135.21
174701,T001,2025-11-30T15:50:00,11.79,275.45,0.65,1104.14
174702,T002,2025-11-30T15:50:00,4.83,299.96,6.79,825.92
174703,T001,2025-11-30T15:51:00,4.3,298.29,0.86,1095.77
174704,T002,2025-11-30T15:51:00,13.58,261.54,6.8,856.25
174705,T001,2025-11-30T15:52:00,7.69,267.67,4.5,964.79
174706,T002,2025-11-30T15:52:00,6.97,286.07,9.25,843.99
174707,T001,2025-11-30T15:53:00,13.47,292.67,10.19,815.33
174708,T002,2025-11-30T15:53:00,4.07,263.07,2.27,1165.31
174709,T001,2025-11-30T15:54:00,11.34,296.61,0.47,1046.51
174710,T002,2025-11-30T15:54:00,14.84,268.05,7.64,1196.68
174711,T001,2025-11-30T15:55:00,11.22,285.56,9.85,928.94
174712,T002,2025-11-30T15:55:00,5.03,264.4,5.3,844.98
174713,T001,2025-11-30T15:56:00,7.86,297.51,11.74,944.33
174714,T002,2025-11-30T15:56:00,14.02,271.13,0.36,1094.44
174715,T001,2025-11-30T15:57:00,3.36,289.5,0.17,947.31
174716,T002,2025-11-30T15:57:00,4.05,288.4,0.13,1149.68
174717,T001,2025-11-30T15:58:00,12.37,289.11,10.06,974.16
174718,T002,2025-11-30T15:58:00,8.73,282.04,0.19,1196.74
174719,T001,2025-11-30T15:59:00,12.72,279.34,0.59,1001.46
174720,T002,2025-11-30T15:59:00,4.21,264.54,6.66,1129.91
174721,T001,2025-11-30T16:00:00,12.44,275.4,9.64,1169.39
174722,T002,2025-11-30T16:00:00,7.38,293.6,4.53,896.03
174723,T001,2025-11-30T16:01:00,4.35,291.71,7.72,920.9
174724,T002,2025-11-30T16:01:00,8.17,284.26,4.02,1017.18
174725,T001,2025-11-30T16:02:00,9.2,264.52,9.88,829.69
174726,T002,2025-11-30T16:02:00,11.76,276.78,11.03,1053.93
174727,T001,2025-11-30T16:03:00,12.4,268.31,3.42,1080.08
174728,T002,2025-11-30T16:03:00,10.79,274.39,11.12,935.43
174729,T001,2025-11-30T16:04:00,12.08,295.67,6.64,871.3
174730,T002,2025-11-30T16:04:00,4.42,296.67,9.54,853.52
174731,T001,2025-11-30T16:05:00,4.01,294.64,8.93,1010.51
174732,T002,2025-11-30T16:05:00,3.96,285.48,8.13,1147.1
174733,T001,2025-11-30T16:06:00,11.12,279.01,0.74,1092.97
174734,T002,2025-11-30T16:06:00,12.6,275.87,1.1,1158.43
174735,T001,2025-11-30T16:07:00,4.05,295.69,0.32,924.09
174736,T002,2025-11-30T16:07:00,5.98,285.82,6.29,1017.52
174737,T001,2025-11-30T16:08:00,14.68,283.81,6.6,931.73
174738,T002,2025-11-30T16:08:00,7.12,287.27,3.12,1181.41
174739,T001,2025-11-30T16:09:00,13.2,272.44,2.28,1102.61
174740,T002,2025-11-30T16:09:00,4.89,292.37,7.15,842.26
174741,T001,2025-11-30T16:10:00,14.91,296.55,6.72,1178.02
174742,T002,2025-11-30T16:10:00,11.22,290.89,0.72,1041.78
174743,T001,2025-11-30T16:11:00,3.07,284.58,7.32,967.55
174744,T002,2025-11-30T16:11:00,14.72,264.74,8.15,931.07
174745,T001,2025-11-30T16:12:00,13.52,273.44,7.37,1023.61
174746,T002,2025-11-30T16:12:00,10.49,284.51,5.41,828.01
174747,T001,2025-11-30T16:13:00,5.85,294.77,5.29,1143.54
174748,T002,2025-11-30T16:13:00,7.83,289.78,7.37,935.95
174749,T001,2025-11-30T16:14:00,8.7,290.25,1.97,1113.93
174750,T002,2025-11-30T16:14:00,10.7,299.33,3.27,1166.15
174751,T001,2025-11-30T16:15:00,14.78,282.69,11.69,826.26
174752,T002,2025-11-30T16:15:00,5.34,272.35,1.28,878.53
174753,T001,2025-11-30T16:16:00,4.51,292.38,4.0,811.6
174754,T002,2025-11-30T16:16:00,6.15,298.64,2.5,948.66
174755,T001,2025-11-30T16:17:00,9.0,272.35,9.51,844.05
174756,T002,2025-11-30T16:17:00,8.71,284.85,9.69,988.98
174757,T001,2025-11-30T16:18:00,5.92,297.35,2.98,904.54
174758,T002,2025-11-30T16:18:00,3.89,260.13,0.96,1110.5
174759,T001,2025-11-30T16:19:00,7.14,293.37,11.92,963.97
174760,T002,2025-11-30T16:19:00,11.7,281.78,11.82,842.89
174761,T001,2025-11-30T16:20:00,8.43,287.62,3.44,1053.2
174762,T002,2025-11-30T16:20:00,14.0,285.82,0.74,1168.43
174763,T001,2025-11-30T16:21:00,11.77,277.13,2.26,824.93
174764,T002,2025-11-30T16:21:00,7.63,274.14,6.88,1056.79
174765,T001,2025-11-30T16:22:00,10.38,262.21,0.74,930.16
174766,T002,2025-11-30T16:22:00,12.49,289.95,8.12,803.82
174767,T001,2025-11-30T16:23:00,8.07,276.77,6.88,1150.91
174768,T002,2025-11-30T16:23:00,7.98,294.23,4.43,1086.68
174769,T001,2025-11-30T16:24:00,9.27,277.78,9.37,1065.38
174770,T002,2025-11-30T16:24:00,12.56,287.38,8.64,1057.06
174771,T001,2025-11-30T16:25:00,14.51,287.97,4.92,960.3
174772,T002,2025-11-30T16:25:00,10.41,292.59,3.73,1111.39
174773,T001,2025-11-30T16:26:00,11.83,268.99,7.93,973.33
174774,T002,2025-11-30T16:26:00,6.62,282.26,5.92,859.19
174775,T001,2025-11-30T16:27:00,10.05,297.12,6.69,1038.66
174776,T002,2025-11-30T16:27:00,11.28,273.31,7.99,895.42
174777,T001,2025-11-30T16:28:00,6.87,284.58,3.73,807.9
174778,T002,2025-11-30T16:28:00,5.25,272.1,6.47,1075.43
174779,T001,2025-11-30T16:29:00,7.92,276.61,5.25,841.26
174780,T002,2025-11-30T16:29:00,7.62,290.81,5.59,967.83
174781,T001,2025-11-30T16:30:00,8.85,297.96,10.04,1135.78
174782,T002,2025-11-30T16:30:00,11.82,287.44,11.05,885.98
174783,T001,2025-11-30T16:31:00,13.92,275.36,9.79,850.26
174784,T002,2025-11-30T16:31:00,9.46,292.32,7.24,1175.47
174785,T001,2025-11-30T16:32:00,7.15,275.54,5.88,1145.13
174786,T002,2025-11-30T16:32:00,12.1,291.2,5.98,853.8
174787,T001,2025-11-30T16:33:00,8.0,287.94,10.04,1060.71
174788,T002,2025-11-30T16:33:00,14.42,289.73,9.11,979.3
174789,T001,2025-11-30T16:34:00,6.51,290.75,10.16,835.73
174790,T002,2025-11-30T16:34:00,9.83,267.66,9.52,1018.01
174791,T001,2025-11-30T16:35:00,13.14,293.52,8.8,995.89
174792,T002,2025-11-30T16:35:00,9.8,280.95,10.84,873.27
174793,T001,2025-11-30T16:36:00,7.36,290.82,5.2,1157.01
174794,T002,2025-11-30T16:36:00,7.51,265.7,5.86,977.64
174795,T001,2025-11-30T16:37:00,8.61,292.33,6.98,1141.47
174796,T002,2025-11-30T16:37:00,14.83,296.0,10.67,1135.2
174797,T001,2025-11-30T16:38:00,7.44,291.91,3.4,874.1
174798,T002,2025-11-30T16:38:00,4.02,291.43,5.77,1005.61
174799,T001,2025-11-30T16:39:00,11.72,271.07,8.75,1000.43
174800,T002,2025-11-30T16:39:00,12.58,283.74,11.0,818.92
174801,T001,2025-11-30T16:40:00,3.14,287.27,2.28,1164.21
174802,T002,2025-11-30T16:40:00,12.3,297.59,8.34,1153.55
174803,T001,2025-11-30T16:41:00,6.55,287.89,2.39,896.5
174804,T002,2025-11-30T16:41:00,5.6,285.24,8.98,964.13
174805,T001,2025-11-30T16:42:00,9.08,261.16,4.57,961.87
174806,T002,2025-11-30T16:42:00,6.15,267.69,6.77,1054.21
174807,T001,2025-11-30T16:43:00,9.25,265.18,11.83,1170.24
174808,T002,2025-11-30T16:43:00,8.36,286.34,6.6,1127.6
174809,T001,2025-11-30T16:44:00,13.02,298.59,11.28,902.35
174810,T002,2025-11-30T16:44:00,13.71,271.84,10.06,1183.68
174811,T001,2025-11-30T16:45:00,7.4,296.54,6.0,866.96
174812,T002,2025-11-30T16:45:00,4.83,261.19,3.16,919.35
174813,T001,2025-11-30T16:46:00,13.16,270.49,4.72,806.32
174814,T002,2025-11-30T16:46:00,9.88,285.69,4.79,1177.49
174815,T001,2025-11-30T16:47:00,7.67,291.37,0.68,992.04
174816,T002,2025-11-30T16:47:00,11.06,263.51,8.08,1088.84
174817,T001,2025-11-30T16:48:00,9.47,296.81,10.34,1191.58
174818,T002,2025-11-30T16:48:00,7.27,284.08,2.24,942.78
174819,T001,2025-11-30T16:49:00,5.01,271.46,7.39,921.38
174820,T002,2025-11-30T16:49:00,3.85,283.0,10.22,820.2
174821,T001,2025-11-30T16:50:00,11.47,288.03,11.39,1026.3
174822,T002,2025-11-30T16:50:00,6.13,283.75,9.6,971.71
174823,T001,2025-11-30T16:51:00,12.94,264.9,0.18,833.55
174824,T002,2025-11-30T16:51:00,5.65,268.68,4.14,1059.99
174825,T001,2025-11-30T16:52:00,11.78,267.79,6.14,903.42
174826,T002,2025-11-30T16:52:00,8.85,260.08,5.08,1077.77
174827,T001,2025-11-30T16:53:00,9.52,270.3,7.64,808.82
174828,T002,2025-11-30T16:53:00,14.64,286.18,7.95,1081.09
174829,T001,2025-11-30T16:54:00,13.42,280.73,10.06,955.2
174830,T002,2025-11-30T16:54:00,3.86,275.57,8.61,864.4
174831,T001,2025-11-30T16:55:00,14.98,293.79,10.77,1061.2
174832,T002,2025-11-30T16:55:00,10.14,299.84,10.24,817.63
174833,T001,2025-11-30T16:56:00,4.53,263.62,9.48,1141.28
174834,T002,2025-11-30T16:56:00,12.09,261.36,0.58,1124.53
174835,T001,2025-11-30T16:57:00,14.43,283.74,1.14,965.74
174836,T002,2025-11-30T16:57:00,7.99,295.98,4.44,884.29
174837,T001,2025-11-30T16:58:00,7.77,280.35,2.18,1048.86
174838,T002,2025-11-30T16:58:00,14.38,296.99,10.78,912.31
174839,T001,2025-11-30T16:59:00,7.69,260.61,1.13,1155.27
174840,T002,2025-11-30T16:59:00,3.39,280.17,4.88,870.59
174841,T001,2025-11-30T17:00:00,10.91,263.05,2.32,1116.07
174842,T002,2025-11-30T17:00:00,6.35,276.49,0.83,805.95
174843,T001,2025-11-30T17:01:00,4.48,264.32,3.22,1096.86
174844,T002,2025-11-30T17:01:00,10.0,273.97,4.35,1071.26
174845,T001,2025-11-30T17:02:00,3.43,260.66,5.57,1120.76
174846,T002,2025-11-30T17:02:00,9.84,281.4,2.7,991.85
174847,T001,2025-11-30T17:03:00,10.42,265.82,11.57,1107.13
174848,T002,2025-11-30T17:03:00,9.18,293.09,6.85,808.05
174849,T001,2025-11-30T17:04:00,14.55,261.54,11.33,919.89
174850,T002,2025-11-30T17:04:00,5.29,294.53,8.34,996.4
174851,T001,2025-11-30T17:05:00,11.95,285.06,5.05,818.27
174852,T002,2025-11-30T17:05:00,9.0,266.34,3.64,1050.58
174853,T001,2025-11-30T17:06:00,4.72,288.92,4.86,932.9
174854,T002,2025-11-30T17:06:00,4.24,295.66,3.37,942.15
174855,T001,2025-11-30T17:07:00,13.38,295.64,8.0,946.58
174856,T002,2025-11-30T17:07:00,8.29,275.36,2.78,1094.63
174857,T001,2025-11-30T17:08:00,3.26,285.29,8.12,1037.67
174858,T002,2025-11-30T17:08:00,7.15,287.52,11.95,1049.04
174859,T001,2025-11-30T17:09:00,13.82,295.99,6.59,915.31
174860,T002,2025-11-30T17:09:00,8.43,269.94,10.46,1160.65
174861,T001,2025-11-30T17:10:00,4.63,285.39,7.98,1138.38
174862,T002,2025-11-30T17:10:00,11.69,269.53,3.83,1004.38
174863,T001,2025-11-30T17:11:00,7.13,268.51,8.39,960.13
174864,T002,2025-11-30T17:11:00,9.59,292.46,6.67,919.0
174865,T001,2025-11-30T17:12:00,14.75,293.66,8.56,884.42
174866,T002,2025-11-30T17:12:00,13.85,289.18,0.6,954.09
174867,T001,2025-11-30T17:13:00,3.55,272.23,11.53,1071.53
174868,T002,2025-11-30T17:13:00,9.58,281.93,11.85,868.43
174869,T001,2025-11-30T17:14:00,3.01,265.83,1.71,986.81
174870,T002,2025-11-30T17:14:00,9.29,277.47,3.27,1137.57
174871,T001,2025-11-30T17:15:00,4.5,296.58,7.31,983.59
174872,T002,2025-11-30T17:15:00,3.38,263.31,6.34,1046.58
174873,T001,2025-11-30T17:16:00,12.67,291.34,4.6,885.75
174874,T002,2025-11-30T17:16:00,14.42,278.11,4.81,971.53
174875,T001,2025-11-30T17:17:00,3.24,297.0,4.58,1053.48
174876,T002,2025-11-30T17:17:00,12.24,269.06,5.97,876.26
174877,T001,2025-11-30T17:18:00,12.07,289.68,10.13,1023.19
174878,T002,2025-11-30T17:18:00,4.18,268.87,10.52,988.54
174879,T001,2025-11-30T17:19:00,5.45,290.94,6.44,877.74
174880,T002,2025-11-30T17:19:00,14.33,267.62,3.62,869.29
174881,T001,2025-11-30T17:20:00,6.65,275.23,2.83,1176.34
174882,T002,2025-11-30T17:20:00,8.58,283.79,3.7,883.25
174883,T001,2025-11-30T17:21:00,10.9,265.11,11.87,940.83
174884,T002,2025-11-30T17:21:00,14.06,262.18,11.44,864.55
174885,T001,2025-11-30T17:22:00,14.89,279.86,1.29,1106.23
174886,T002,2025-11-30T17:22:00,8.87,290.72,4.49,1137.31
174887,T001,2025-11-30T17:23:00,5.78,281.55,6.48,999.16
174888,T002,2025-11-30T17:23:00,8.23,285.02,9.42,1025.85
174889,T001,2025-11-30T17:24:00,7.15,265.45,1.03,979.3
174890,T002,2025-11-30T17:24:00,7.69,287.31,7.56,962.93
174891,T001,2025-11-30T17:25:00,7.13,289.82,0.98,845.41
174892,T002,2025-11-30T17:25:00,12.39,274.73,5.71,1083.52
174893,T001,2025-11-30T17:26:00,6.1,291.07,5.41,1061.29
174894,T002,2025-11-30T17:26:00,3.04,265.21,8.64,1065.93
174895,T001,2025-11-30T17:27:00,3.56,283.65,3.56,1183.33
174896,T002,2025-11-30T17:27:00,3.2,277.28,4.79,856.74
174897,T001,2025-11-30T17:28:00,9.23,278.01,5.18,860.22
174898,T002,2025-11-30T17:28:00,10.76,297.21,7.93,1195.38
174899,T001,2025-11-30T17:29:00,11.36,265.12,3.36,1134.44
174900,T002,2025-11-30T17:29:00,6.76,271.68,5.78,1150.65
174901,T001,2025-11-30T17:30:00,4.73,293.18,1.7,847.66
174902,T002,2025-11-30T17:30:00,5.52,298.52,0.44,1092.16
174903,T001,2025-11-30T17:31:00,6.3,296.81,5.08,857.54
174904,T002,2025-11-30T17:31:00,4.76,275.36,7.13,1007.11
174905,T001,2025-11-30T17:32:00,13.72,273.04,9.75,1004.79
174906,T002,2025-11-30T17:32:00,3.11,266.21,2.0,906.33
174907,T001,2025-11-30T17:33:00,7.22,289.37,5.44,1016.31
174908,T002,2025-11-30T17:33:00,5.26,260.13,0.32,1183.48
174909,T001,2025-11-30T17:34:00,9.2,292.59,1.74,835.86
174910,T002,2025-11-30T17:34:00,8.85,281.34,11.94,1040.47
174911,T001,2025-11-30T17:35:00,8.82,276.17,8.41,972.67
174912,T002,2025-11-30T17:35:00,7.72,275.97,7.23,1086.75
174913,T001,2025-11-30T17:36:00,8.54,261.9,2.1,1076.99
174914,T002,2025-11-30T17:36:00,5.74,272.04,8.98,1007.71
174915,T001,2025-11-30T17:37:00,11.19,293.44,5.75,1062.0
174916,T002,2025-11-30T17:37:00,5.92,271.2,0.66,978.74
174917,T001,2025-11-30T17:38:00,4.74,281.72,4.52,908.66
174918,T002,2025-11-30T17:38:00,14.12,293.38,5.82,891.29
174919,T001,2025-11-30T17:39:00,11.54,274.04,8.12,991.9
174920,T002,2025-11-30T17:39:00,9.59,295.35,2.47,825.33
174921,T001,2025-11-30T17:40:00,9.02,282.79,7.84,1014.29
174922,T002,2025-11-30T17:40:00,11.76,263.4,6.63,1195.18
174923,T001,2025-11-30T17:41:00,7.52,290.11,1.07,1074.02
174924,T002,2025-11-30T17:41:00,7.35,286.52,8.89,882.76
174925,T001,2025-11-30T17:42:00,9.27,288.27,7.12,852.41
174926,T002,2025-11-30T17:42:00,14.2,267.59,3.44,1094.84
174927,T001,2025-11-30T17:43:00,3.37,273.67,4.14,922.6
174928,T002,2025-11-30T17:43:00,7.22,281.42,2.78,855.4
174929,T001,2025-11-30T17:44:00,11.44,270.82,1.35,935.73
174930,T002,2025-11-30T17:44:00,8.81,270.05,10.45,1008.86
174931,T001,2025-11-30T17:45:00,3.81,280.29,5.84,823.66
174932,T002,2025-11-30T17:45:00,14.1,290.48,10.61,875.19
174933,T001,2025-11-30T17:46:00,7.62,278.9,11.38,844.74
174934,T002,2025-11-30T17:46:00,13.47,274.26,7.08,872.15
174935,T001,2025-11-30T17:47:00,13.05,281.01,9.26,906.0
174936,T002,2025-11-30T17:47:00,14.63,290.35,4.33,1035.64
174937,T001,2025-11-30T17:48:00,9.96,280.45,7.66,1096.3
174938,T002,2025-11-30T17:48:00,14.4,297.94,4.66,1186.66
174939,T001,2025-11-30T17:49:00,7.35,267.14,5.39,1044.44
174940,T002,2025-11-30T17:49:00,11.41,283.12,5.75,1039.22
174941,T001,2025-11-30T17:50:00,3.77,284.68,6.5,979.4
174942,T002,2025-11-30T17:50:00,10.99,295.3,9.55,951.9
174943,T001,2025-11-30T17:51:00,4.7,270.88,5.8,818.51
174944,T002,2025-11-30T17:51:00,3.38,275.41,7.32,921.81
174945,T001,2025-11-30T17:52:00,13.31,279.2,7.88,972.25
174946,T002,2025-11-30T17:52:00,3.44,291.01,9.89,802.92
174947,T001,2025-11-30T17:53:00,9.55,297.85,3.72,1005.36
174948,T002,2025-11-30T17:53:00,7.6,278.27,11.71,872.13
174949,T001,2025-11-30T17:54:00,13.65,290.75,8.7,1183.66
174950,T002,2025-11-30T17:54:00,7.74,290.24,10.19,1151.93
174951,T001,2025-11-30T17:55:00,3.4,293.46,6.85,879.02
174952,T002,2025-11-30T17:55:00,8.31,273.87,3.66,808.71
174953,T001,2025-11-30T17:56:00,8.5,290.67,6.82,1070.32
174954,T002,2025-11-30T17:56:00,14.9,288.03,9.7,992.94
174955,T001,2025-11-30T17:57:00,14.6,263.63,8.57,993.41
174956,T002,2025-11-30T17:57:00,5.12,275.89,1.52,1179.33
174957,T001,2025-11-30T17:58:00,11.1,299.45,0.41,878.02
174958,T002,2025-11-30T17:58:00,3.88,299.16,4.27,842.85
174959,T001,2025-11-30T17:59:00,14.49,263.08,7.21,1141.87
174960,T002,2025-11-30T17:59:00,4.41,292.46,5.98,925.12
174961,T001,2025-11-30T18:00:00,6.02,262.19,2.82,1079.26
174962,T002,2025-11-30T18:00:00,9.14,281.01,3.18,1067.43
174963,T001,2025-11-30T18:01:00,13.37,261.54,8.17,1198.4
174964,T002,2025-11-30T18:01:00,14.3,297.13,5.67,1109.57
174965,T001,2025-11-30T18:02:00,3.57,287.28,5.54,1006.89
174966,T002,2025-11-30T18:02:00,3.77,260.02,3.47,1022.62
174967,T001,2025-11-30T18:03:00,7.45,261.64,1.02,874.96
174968,T002,2025-11-30T18:03:00,13.7,287.46,9.54,944.87
174969,T001,2025-11-30T18:04:00,3.03,296.7,8.24,857.31
174970,T002,2025-11-30T18:04:00,3.66,295.36,11.31,844.62
174971,T001,2025-11-30T18:05:00,14.4,282.94,4.2,929.67
174972,T002,2025-11-30T18:05:00,11.76,265.05,10.31,998.12
174973,T001,2025-11-30T18:06:00,7.62,263.2,5.42,1082.8
174974,T002,2025-11-30T18:06:00,5.51,299.26,4.3,846.41
174975,T001,2025-11-30T18:07:00,10.76,275.34,11.28,1006.58
174976,T002,2025-11-30T18:07:00,13.24,277.05,0.25,979.85
174977,T001,2025-11-30T18:08:00,11.26,260.43,6.98,1105.87
174978,T002,2025-11-30T18:08:00,12.54,288.69,8.44,1037.49
174979,T001,2025-11-30T18:09:00,7.38,298.97,7.23,1057.52
174980,T002,2025-11-30T18:09:00,6.18,290.2,11.75,802.39
174981,T001,2025-11-30T18:10:00,4.65,278.15,2.25,1091.7
174982,T002,2025-11-30T18:10:00,14.39,270.99,8.55,840.77
174983,T001,2025-11-30T18:11:00,11.63,292.76,4.24,927.6
174984,T002,2025-11-30T18:11:00,11.78,294.9,2.13,1004.14
174985,T001,2025-11-30T18:12:00,12.89,265.93,8.54,1156.94
174986,T002,2025-11-30T18:12:00,4.29,291.71,11.46,1103.29
174987,T001,2025-11-30T18:13:00,10.4,264.07,9.61,1107.09
174988,T002,2025-11-30T18:13:00,3.95,268.92,5.02,1026.96
174989,T001,2025-11-30T18:14:00,5.49,285.17,11.94,974.12
174990,T002,2025-11-30T18:14:00,13.93,266.53,2.86,1021.75
174991,T001,2025-11-30T18:15:00,12.28,291.43,2.5,1167.2
174992,T002,2025-11-30T18:15:00,10.68,260.3,0.43,941.93
174993,T001,2025-11-30T18:16:00,4.95,279.64,6.46,941.61
174994,T002,2025-11-30T18:16:00,12.7,283.02,2.72,1069.43
174995,T001,2025-11-30T18:17:00,11.39,296.85,9.92,861.54
174996,T002,2025-11-30T18:17:00,9.78,297.57,2.69,949.69
174997,T001,2025-11-30T18:18:00,9.39,275.81,0.16,847.35
174998,T002,2025-11-30T18:18:00,3.73,293.06,11.57,971.25
174999,T001,2025-11-30T18:19:00,4.5,263.27,5.98,904.98
175000,T002,2025-11-30T18:19:00,9.5,266.48,3.58,1003.03
175001,T001,2025-11-30T18:20:00,7.29,292.82,11.39,995.09
175002,T002,2025-11-30T18:20:00,10.08,296.75,7.79,880.95
175003,T001,2025-11-30T18:21:00,14.42,266.93,11.37,1172.86
175004,T002,2025-11-30T18:21:00,14.81,281.56,11.57,1160.65
175005,T001,2025-11-30T18:22:00,3.4,280.62,11.84,1074.09
175006,T002,2025-11-30T18:22:00,14.54,282.53,8.54,1095.42
175007,T001,2025-11-30T18:23:00,10.93,260.39,3.1,1008.79
175008,T002,2025-11-30T18:23:00,13.26,287.05,5.1,1068.87
175009,T001,2025-11-30T18:24:00,11.12,291.31,10.0,906.77
175010,T002,2025-11-30T18:24:00,10.16,271.65,2.2,1045.65
175011,T001,2025-11-30T18:25:00,8.64,263.41,7.31,806.34
175012,T002,2025-11-30T18:25:00,12.58,274.55,11.62,997.16
175013,T001,2025-11-30T18:26:00,13.67,281.91,9.61,833.78
175014,T002,2025-11-30T18:26:00,5.94,297.75,4.03,928.21
175015,T001,2025-11-30T18:27:00,5.21,268.68,8.87,1139.86
175016,T002,2025-11-30T18:27:00,6.04,288.64,11.77,1045.09
175017,T001,2025-11-30T18:28:00,5.53,294.74,6.46,988.48
175018,T002,2025-11-30T18:28:00,14.8,289.99,2.1,1069.28
175019,T001,2025-11-30T18:29:00,12.7,260.47,9.01,940.43
175020,T002,2025-11-30T18:29:00,3.1,277.31,4.71,1142.19
175021,T001,2025-11-30T18:30:00,4.57,267.73,1.7,806.38
175022,T002,2025-11-30T18:30:00,4.94,261.33,8.44,889.89
175023,T001,2025-11-30T18:31:00,3.67,276.78,2.78,954.88
175024,T002,2025-11-30T18:31:00,4.56,271.6,3.72,852.47
175025,T001,2025-11-30T18:32:00,12.64,294.5,0.09,877.29
175026,T002,2025-11-30T18:32:00,4.85,275.81,10.27,1052.35
175027,T001,2025-11-30T18:33:00,3.4,284.22,0.32,862.62
175028,T002,2025-11-30T18:33:00,9.64,277.5,6.96,1122.8
175029,T001,2025-11-30T18:34:00,13.18,279.01,1.38,1017.39
175030,T002,2025-11-30T18:34:00,14.84,296.81,8.53,1120.25
175031,T001,2025-11-30T18:35:00,12.47,260.62,3.23,1065.42
175032,T002,2025-11-30T18:35:00,5.42,264.87,2.11,858.07
175033,T001,2025-11-30T18:36:00,4.59,298.67,0.33,907.33
175034,T002,2025-11-30T18:36:00,8.86,281.59,11.75,1083.33
175035,T001,2025-11-30T18:37:00,11.78,286.71,8.61,1172.53
175036,T002,2025-11-30T18:37:00,13.98,293.12,6.66,900.85
175037,T001,2025-11-30T18:38:00,6.74,268.9,4.43,954.37
175038,T002,2025-11-30T18:38:00,7.66,287.58,11.52,854.0
175039,T001,2025-11-30T18:39:00,5.67,290.09,0.8,963.18
175040,T002,2025-11-30T18:39:00,6.77,298.62,7.96,999.02
175041,T001,2025-11-30T18:40:00,9.83,261.36,5.54,826.5
175042,T002,2025-11-30T18:40:00,9.21,266.59,8.17,937.36
175043,T001,2025-11-30T18:41:00,10.49,268.23,0.79,1120.86
175044,T002,2025-11-30T18:41:00,11.47,281.85,1.24,1022.42
175045,T001,2025-11-30T18:42:00,14.58,285.2,0.4,927.97
175046,T002,2025-11-30T18:42:00,9.36,274.01,11.64,958.04
175047,T001,2025-11-30T18:43:00,3.91,288.38,7.05,910.33
175048,T002,2025-11-30T18:43:00,5.13,292.15,0.22,1006.8
175049,T001,2025-11-30T18:44:00,9.66,276.16,3.54,1009.42
175050,T002,2025-11-30T18:44:00,10.01,283.22,9.05,1154.95
175051,T001,2025-11-30T18:45:00,12.72,271.86,8.2,1051.34
175052,T002,2025-11-30T18:45:00,3.3,282.39,6.63,880.46
175053,T001,2025-11-30T18:46:00,13.72,270.79,3.63,859.69
175054,T002,2025-11-30T18:46:00,14.32,262.13,2.84,1145.07
175055,T001,2025-11-30T18:47:00,4.75,292.63,1.71,808.57
175056,T002,2025-11-30T18:47:00,12.85,264.58,4.34,917.53
175057,T001,2025-11-30T18:48:00,11.6,268.23,4.43,1183.71
175058,T002,2025-11-30T18:48:00,4.65,287.94,2.26,916.92
175059,T001,2025-11-30T18:49:00,9.41,295.95,2.24,909.87
175060,T002,2025-11-30T18:49:00,11.76,274.87,9.84,950.4
175061,T001,2025-11-30T18:50:00,5.47,283.07,8.47,925.86
175062,T002,2025-11-30T18:50:00,5.86,269.15,1.8,941.48
175063,T001,2025-11-30T18:51:00,12.59,262.38,3.7,1076.98
175064,T002,2025-11-30T18:51:00,9.86,263.92,1.71,1090.98
175065,T001,2025-11-30T18:52:00,6.19,292.75,10.11,1063.34
175066,T002,2025-11-30T18:52:00,13.25,276.66,2.66,898.22
175067,T001,2025-11-30T18:53:00,14.89,279.11,1.88,886.14
175068,T002,2025-11-30T18:53:00,3.75,289.64,7.3,1156.14
175069,T001,2025-11-30T18:54:00,8.37,290.95,11.18,1156.17
175070,T002,2025-11-30T18:54:00,13.94,294.43,9.73,820.45
175071,T001,2025-11-30T18:55:00,13.74,267.0,11.71,868.71
175072,T002,2025-11-30T18:55:00,12.0,286.22,1.32,895.4
175073,T001,2025-11-30T18:56:00,14.43,273.11,7.6,1175.27
175074,T002,2025-11-30T18:56:00,11.24,282.37,2.44,1138.6
175075,T001,2025-11-30T18:57:00,9.09,265.19,8.06,985.81
175076,T002,2025-11-30T18:57:00,5.63,274.73,0.49,806.81
175077,T001,2025-11-30T18:58:00,9.79,293.26,0.66,1173.36
175078,T002,2025-11-30T18:58:00,5.56,278.71,4.64,1018.11
175079,T001,2025-11-30T18:59:00,11.34,270.58,7.6,1140.14
175080,T002,2025-11-30T18:59:00,9.13,278.81,4.44,904.83
175081,T001,2025-11-30T19:00:00,3.45,289.78,2.22,1133.93
175082,T002,2025-11-30T19:00:00,13.76,297.51,10.69,880.71
175083,T001,2025-11-30T19:01:00,4.53,295.34,6.56,933.25
175084,T002,2025-11-30T19:01:00,12.67,279.09,2.64,841.13
175085,T001,2025-11-30T19:02:00,12.41,281.04,9.88,978.71
175086,T002,2025-11-30T19:02:00,5.75,278.41,0.97,868.35
175087,T001,2025-11-30T19:03:00,4.52,283.94,5.54,823.47
175088,T002,2025-11-30T19:03:00,7.19,291.11,1.27,1008.45
175089,T001,2025-11-30T19:04:00,10.23,284.38,7.37,921.53
175090,T002,2025-11-30T19:04:00,7.87,261.93,5.11,900.0
175091,T001,2025-11-30T19:05:00,12.55,273.5,3.48,822.18
175092,T002,2025-11-30T19:05:00,3.2,280.31,1.69,1059.72
175093,T001,2025-11-30T19:06:00,11.14,271.02,9.64,962.43
175094,T002,2025-11-30T19:06:00,12.37,281.18,4.74,815.06
175095,T001,2025-11-30T19:07:00,11.91,260.87,5.59,1138.82
175096,T002,2025-11-30T19:07:00,3.84,287.62,10.05,1091.15
175097,T001,2025-11-30T19:08:00,6.39,296.77,7.5,1128.9
175098,T002,2025-11-30T19:08:00,12.22,284.65,0.09,1142.7
175099,T001,2025-11-30T19:09:00,6.09,283.21,11.71,926.66
175100,T002,2025-11-30T19:09:00,9.91,280.54,10.35,1015.09
175101,T001,2025-11-30T19:10:00,3.62,299.8,8.34,1145.0
175102,T002,2025-11-30T19:10:00,5.47,276.08,0.95,1122.76
175103,T001,2025-11-30T19:11:00,10.08,264.08,4.67,1177.43
175104,T002,2025-11-30T19:11:00,6.32,279.93,1.62,1098.41
175105,T001,2025-11-30T19:12:00,10.27,274.02,10.22,854.9
175106,T002,2025-11-30T19:12:00,6.9,299.07,2.09,1134.9
175107,T001,2025-11-30T19:13:00,3.07,291.86,9.0,1089.17
175108,T002,2025-11-30T19:13:00,13.17,298.86,2.04,1181.95
175109,T001,2025-11-30T19:14:00,9.46,298.07,4.27,1198.02
175110,T002,2025-11-30T19:14:00,13.99,275.41,8.58,1052.36
175111,T001,2025-11-30T19:15:00,5.9,264.94,7.86,973.05
175112,T002,2025-11-30T19:15:00,10.43,278.35,0.96,1008.03
175113,T001,2025-11-30T19:16:00,10.09,264.01,11.45,1021.36
175114,T002,2025-11-30T19:16:00,4.64,282.4,11.0,1138.07
175115,T001,2025-11-30T19:17:00,10.38,280.92,8.62,1108.52
175116,T002,2025-11-30T19:17:00,12.33,291.74,10.98,852.74
175117,T001,2025-11-30T19:18:00,13.94,292.98,5.86,1000.2
175118,T002,2025-11-30T19:18:00,5.82,297.8,7.97,882.74
175119,T001,2025-11-30T19:19:00,14.42,289.36,10.2,1024.66
175120,T002,2025-11-30T19:19:00,12.06,269.91,5.82,969.62
175121,T001,2025-11-30T19:20:00,13.75,267.75,8.69,848.14
175122,T002,2025-11-30T19:20:00,4.94,280.28,3.43,980.42
175123,T001,2025-11-30T19:21:00,6.85,272.64,2.97,1000.87
175124,T002,2025-11-30T19:21:00,13.78,286.7,10.99,1045.39
175125,T001,2025-11-30T19:22:00,8.58,266.59,0.92,904.91
175126,T002,2025-11-30T19:22:00,7.28,278.84,2.16,920.84
175127,T001,2025-11-30T19:23:00,13.0,284.04,0.74,1126.99
175128,T002,2025-11-30T19:23:00,3.23,289.31,2.97,931.4
175129,T001,2025-11-30T19:24:00,4.44,297.17,1.43,1023.92
175130,T002,2025-11-30T19:24:00,8.05,285.36,0.32,802.34
175131,T001,2025-11-30T19:25:00,14.37,280.91,0.28,1051.74
175132,T002,2025-11-30T19:25:00,6.44,268.83,0.3,919.65
175133,T001,2025-11-30T19:26:00,6.26,266.12,8.3,1005.42
175134,T002,2025-11-30T19:26:00,7.03,264.9,5.94,844.41
175135,T001,2025-11-30T19:27:00,6.42,296.13,9.88,994.32
175136,T002,2025-11-30T19:27:00,12.31,263.41,2.58,835.39
175137,T001,2025-11-30T19:28:00,12.17,270.39,2.57,1082.51
175138,T002,2025-11-30T19:28:00,5.81,294.67,5.98,951.77
175139,T001,2025-11-30T19:29:00,8.82,275.2,1.12,1066.26
175140,T002,2025-11-30T19:29:00,5.1,268.3,3.08,1045.38
175141,T001,2025-11-30T19:30:00,7.16,262.47,8.11,870.8
175142,T002,2025-11-30T19:30:00,9.82,289.08,8.57,1089.62
175143,T001,2025-11-30T19:31:00,11.97,293.19,10.92,1111.18
175144,T002,2025-11-30T19:31:00,11.63,294.99,10.93,922.06
175145,T001,2025-11-30T19:32:00,5.62,273.79,1.42,934.39
175146,T002,2025-11-30T19:32:00,12.88,275.28,9.95,872.9
175147,T001,2025-11-30T19:33:00,11.39,299.65,6.79,915.63
175148,T002,2025-11-30T19:33:00,11.05,265.85,11.75,1160.69
175149,T001,2025-11-30T19:34:00,6.35,268.24,6.58,880.45
175150,T002,2025-11-30T19:34:00,14.35,297.61,9.38,1054.38
175151,T001,2025-11-30T19:35:00,8.55,299.19,3.14,1007.0
175152,T002,2025-11-30T19:35:00,3.52,279.72,9.27,972.25
175153,T001,2025-11-30T19:36:00,11.97,277.33,0.08,899.31
175154,T002,2025-11-30T19:36:00,6.56,272.03,1.51,1116.65
175155,T001,2025-11-30T19:37:00,9.09,262.88,1.83,1108.62
175156,T002,2025-11-30T19:37:00,10.64,264.51,0.24,1102.35
175157,T001,2025-11-30T19:38:00,11.8,270.28,7.28,1188.42
175158,T002,2025-11-30T19:38:00,11.72,264.73,11.06,920.72
175159,T001,2025-11-30T19:39:00,5.07,261.39,3.07,1172.99
175160,T002,2025-11-30T19:39:00,14.18,297.35,2.38,1150.82
175161,T001,2025-11-30T19:40:00,14.74,289.92,6.38,863.82
175162,T002,2025-11-30T19:40:00,9.45,297.48,6.51,1037.72
175163,T001,2025-11-30T19:41:00,13.61,272.83,10.48,1091.12
175164,T002,2025-11-30T19:41:00,12.95,267.51,2.83,989.21
175165,T001,2025-11-30T19:42:00,12.44,281.28,8.68,1144.21
175166,T002,2025-11-30T19:42:00,14.72,273.3,11.78,821.75
175167,T001,2025-11-30T19:43:00,7.79,269.35,4.96,1066.72
175168,T002,2025-11-30T19:43:00,10.32,266.18,2.39,1158.31
175169,T001,2025-11-30T19:44:00,4.82,276.1,1.4,1155.51
175170,T002,2025-11-30T19:44:00,14.48,285.24,7.04,1092.2
175171,T001,2025-11-30T19:45:00,14.94,297.12,8.9,1181.83
175172,T002,2025-11-30T19:45:00,4.89,280.51,10.69,965.55
175173,T001,2025-11-30T19:46:00,10.43,260.41,6.11,1195.71
175174,T002,2025-11-30T19:46:00,9.98,289.56,3.61,896.36
175175,T001,2025-11-30T19:47:00,8.26,273.78,6.8,1156.47
175176,T002,2025-11-30T19:47:00,4.99,288.21,0.8,1039.2
175177,T001,2025-11-30T19:48:00,10.13,289.18,1.84,1113.33
175178,T002,2025-11-30T19:48:00,7.34,293.69,3.65,867.68
175179,T001,2025-11-30T19:49:00,11.98,269.69,6.26,1198.18
175180,T002,2025-11-30T19:49:00,14.82,291.09,9.01,1084.27
175181,T001,2025-11-30T19:50:00,9.83,285.62,11.73,872.11
175182,T002,2025-11-30T19:50:00,6.2,272.29,6.25,896.26
175183,T001,2025-11-30T19:51:00,10.32,274.99,10.18,981.02
175184,T002,2025-11-30T19:51:00,5.33,261.87,8.14,857.42
175185,T001,2025-11-30T19:52:00,14.84,275.14,5.16,1017.84
175186,T002,2025-11-30T19:52:00,12.84,297.99,5.05,885.66
175187,T001,2025-11-30T19:53:00,7.48,298.37,0.69,1198.66
175188,T002,2025-11-30T19:53:00,7.8,279.14,7.93,1165.77
175189,T001,2025-11-30T19:54:00,6.02,272.97,9.32,913.99
175190,T002,2025-11-30T19:54:00,13.45,277.8,4.77,1013.69
175191,T001,2025-11-30T19:55:00,6.65,261.68,4.85,1075.14
175192,T002,2025-11-30T19:55:00,11.11,272.96,3.93,1042.11
175193,T001,2025-11-30T19:56:00,7.68,295.17,5.96,1041.28
175194,T002,2025-11-30T19:56:00,6.1,292.66,4.47,1100.62
175195,T001,2025-11-30T19:57:00,11.41,298.19,11.33,1077.27
175196,T002,2025-11-30T19:57:00,10.05,279.68,8.06,887.16
175197,T001,2025-11-30T19:58:00,3.31,279.85,5.33,986.91
175198,T002,2025-11-30T19:58:00,6.32,271.35,0.93,862.49
175199,T001,2025-11-30T19:59:00,10.17,292.98,9.91,958.48
175200,T002,2025-11-30T19:59:00,3.19,296.52,4.45,1172.62
175201,T001,2025-11-30T20:00:00,11.46,291.65,8.72,987.03
175202,T002,2025-11-30T20:00:00,3.01,280.23,4.91,835.1
175203,T001,2025-11-30T20:01:00,10.61,264.01,9.5,1073.93
175204,T002,2025-11-30T20:01:00,14.41,261.1,2.1,1074.27
175205,T001,2025-11-30T20:02:00,3.69,284.49,5.21,944.31
175206,T002,2025-11-30T20:02:00,4.86,291.29,2.13,1039.24
175207,T001,2025-11-30T20:03:00,7.81,267.2,3.66,947.98
175208,T002,2025-11-30T20:03:00,12.33,287.63,1.22,941.81
175209,T001,2025-11-30T20:04:00,3.4,274.02,3.46,885.24
175210,T002,2025-11-30T20:04:00,8.59,274.22,2.32,907.49
175211,T001,2025-11-30T20:05:00,10.79,284.27,8.97,1000.29
175212,T002,2025-11-30T20:05:00,9.9,277.56,3.12,1199.09
175213,T001,2025-11-30T20:06:00,12.16,275.6,7.7,1027.51
175214,T002,2025-11-30T20:06:00,8.44,287.99,8.45,849.0
175215,T001,2025-11-30T20:07:00,7.56,271.59,3.19,900.71
175216,T002,2025-11-30T20:07:00,9.52,299.51,0.82,1039.52
175217,T001,2025-11-30T20:08:00,13.67,297.41,6.69,1019.37
175218,T002,2025-11-30T20:08:00,9.98,273.25,10.66,1076.98
175219,T001,2025-11-30T20:09:00,10.8,285.68,7.91,864.23
175220,T002,2025-11-30T20:09:00,12.64,289.35,7.2,924.9
175221,T001,2025-11-30T20:10:00,14.68,283.39,5.53,1173.41
175222,T002,2025-11-30T20:10:00,7.81,289.94,9.05,923.0
175223,T001,2025-11-30T20:11:00,10.7,288.83,6.46,1000.43
175224,T002,2025-11-30T20:11:00,8.39,288.07,7.94,896.2
175225,T001,2025-11-30T20:12:00,3.38,270.8,3.55,849.02
175226,T002,2025-11-30T20:12:00,10.5,266.42,3.87,868.92
175227,T001,2025-11-30T20:13:00,13.16,295.93,11.73,981.21
175228,T002,2025-11-30T20:13:00,8.75,269.78,2.22,983.69
175229,T001,2025-11-30T20:14:00,8.85,293.43,9.89,926.19
175230,T002,2025-11-30T20:14:00,4.85,278.12,10.28,1195.34
175231,T001,2025-11-30T20:15:00,14.31,281.86,9.69,1101.07
175232,T002,2025-11-30T20:15:00,5.95,292.74,7.93,865.65
175233,T001,2025-11-30T20:16:00,11.63,270.17,4.11,866.02
175234,T002,2025-11-30T20:16:00,10.41,297.49,9.42,876.0
175235,T001,2025-11-30T20:17:00,13.02,262.8,10.57,1075.52
175236,T002,2025-11-30T20:17:00,4.38,272.28,6.89,1178.61
175237,T001,2025-11-30T20:18:00,4.11,285.48,8.04,937.99
175238,T002,2025-11-30T20:18:00,3.08,286.94,1.06,1080.99
175239,T001,2025-11-30T20:19:00,11.93,270.09,4.82,1054.19
175240,T002,2025-11-30T20:19:00,4.93,263.09,11.26,866.65
175241,T001,2025-11-30T20:20:00,3.12,291.45,7.44,995.94
175242,T002,2025-11-30T20:20:00,14.44,296.38,6.59,1090.58
175243,T001,2025-11-30T20:21:00,11.17,263.79,2.66,996.86
175244,T002,2025-11-30T20:21:00,11.97,263.41,10.92,955.18
175245,T001,2025-11-30T20:22:00,10.04,285.46,7.92,1151.41
175246,T002,2025-11-30T20:22:00,5.78,261.37,3.21,1184.6
175247,T001,2025-11-30T20:23:00,7.26,277.49,2.08,1192.31
175248,T002,2025-11-30T20:23:00,11.13,263.4,0.3,1113.91
175249,T001,2025-11-30T20:24:00,3.06,268.33,2.18,1118.3
175250,T002,2025-11-30T20:24:00,3.22,275.02,7.0,811.67
175251,T001,2025-11-30T20:25:00,4.45,261.26,10.37,850.81
175252,T002,2025-11-30T20:25:00,3.02,274.7,3.69,1111.37
175253,T001,2025-11-30T20:26:00,4.77,271.71,7.17,828.83
175254,T002,2025-11-30T20:26:00,14.28,263.77,3.24,1072.18
175255,T001,2025-11-30T20:27:00,6.93,278.25,3.77,924.48
175256,T002,2025-11-30T20:27:00,3.74,294.74,9.48,885.89
175257,T001,2025-11-30T20:28:00,6.98,280.19,8.88,1119.17
175258,T002,2025-11-30T20:28:00,11.85,276.8,4.82,1157.72
175259,T001,2025-11-30T20:29:00,6.25,282.81,1.25,839.35
175260,T002,2025-11-30T20:29:00,7.96,288.2,6.12,979.89
175261,T001,2025-11-30T20:30:00,8.9,293.27,5.25,1143.64
175262,T002,2025-11-30T20:30:00,9.84,292.03,2.51,1076.93
175263,T001,2025-11-30T20:31:00,10.16,289.45,2.5,843.55
175264,T002,2025-11-30T20:31:00,10.36,282.25,10.86,831.99
175265,T001,2025-11-30T20:32:00,9.3,288.38,0.52,850.06
175266,T002,2025-11-30T20:32:00,9.63,291.45,3.45,869.83
175267,T001,2025-11-30T20:33:00,11.47,280.61,9.71,855.2
175268,T002,2025-11-30T20:33:00,14.02,291.17,6.43,1139.82
175269,T001,2025-11-30T20:34:00,12.12,272.68,6.64,964.11
175270,T002,2025-11-30T20:34:00,6.95,273.09,6.04,1030.89
175271,T001,2025-11-30T20:35:00,10.13,261.24,10.05,1180.92
175272,T002,2025-11-30T20:35:00,6.98,268.14,4.76,854.49
